Location,Stake,Ward,AdultVolunteer,YouthVolunteer,Bags,RouteTime,MultiRoute,CompletedRoutes,RouteDoors,OverallTime,Neighbourhood,ID,Latitude,Longitude
Bearspaw Chapel,Gateway Stake,Beaumont Ward,2,2,20,45,Yes,2,200,110,Beaumont,266,,
Coronation Park Chapel,North Edmonton,Belmead,1,2,15,52.5,No,1,153,89,Belmead,174,53.52704365,-113.6344406
Coronation Park Chapel,North Edmonton,Belmead,1,1,30,45.66666667,No,1,154,50.03657523,Belmead,177,53.52704298,-113.6435271
Coronation Park Chapel,North Edmonton,Belmead,1,1,15,46.33333333,No,1,155,55.07315046,Belmead,178,53.52738203,-113.6344213
Coronation Park Chapel,North Edmonton,Belmead,3,0,12,52.5,No,1,161,82.5,Belmead,198,53.52766166,-113.6359341
Coronation Park Chapel,North Edmonton,Belmead,2,0,17,33.5,No,1,186,33.5,Belmead,245,53.52255037,-113.6407465
Coronation Park Chapel,North Edmonton,Belmead,2,0,26,20,No,1,187,40,Belmead,247,53.52190357,-113.6417705
Coronation Park Chapel,North Edmonton,Belmead,1,1,15,28.5,No,1,195,31,Belmead,258,53.52445431,-113.636398
Coronation Park Chapel,North Edmonton,Belmead,2,3,12,90,No,1,200,76.5,Belmead,281,53.52718498,-113.6402793
Coronation Park Chapel,North Edmonton,Belmead,2,0,29,28,No,1,201,35,Belmead,284,53.52255037,-113.6407465
Coronation Park Chapel,North Edmonton,Belmead,1,2,16,29,No,1,201,28.5,Belmead,286,53.52321817,-113.6368925
Coronation Park Chapel,North Edmonton,Belmead,2,0,18,47.5,No,1,207,48.5,Belmead,301,53.52286413,-113.6385871
Coronation Park Chapel,North Edmonton,Belmead,1,3,13,155,No,1,210,64,Belmead,305,53.52766166,-113.6359341
Coronation Park Chapel,North Edmonton,Belmead,2,3,47,67.5,No,1,213,70,Belmead,309,53.5226103,-113.636078
Coronation Park Chapel,North Edmonton,Belmead,2,1,24,28.33333333,No,1,216,43.36990856,Belmead,314,53.52463484,-113.6315157
Coronation Park Chapel,North Edmonton,Belmead,2,1,37,21.66666667,No,1,217,51.73981712,Belmead,315,53.52286413,-113.6385871
Coronation Park Chapel,North Edmonton,Belmead,1,1,30,56.66666667,No,1,219,56.66666667,Belmead,318,53.52578764,-113.6431191
Coronation Park Chapel,North Edmonton,Belmead,3,0,25,53.33333333,No,1,219,53.33333333,Belmead,319,53.52286413,-113.6385871
Coronation Park Chapel,North Edmonton,Belmead,3,0,57,42.5,No,1,226,39,Belmead,327,53.526221,-113.644835
Coronation Park Chapel,North Edmonton,Belmead,2,2,25,52.5,No,1,228,49,Belmead,329,53.52185099,-113.645187
Coronation Park Chapel,North Edmonton,Belmead,2,1,22,43.33333333,No,1,234,50,Belmead,331,53.52286413,-113.6385871
Coronation Park Chapel,North Edmonton,Belmead,1,2,20,41.66666667,No,1,234,55,Belmead,332,53.52877062,-113.6412792
Coronation Park Chapel,North Edmonton,Belmead,1,0,22,50,No,1,237,61.25,Belmead,339,53.52445431,-113.636398
Coronation Park Chapel,North Edmonton,Belmead,2,3,26,55,No,1,237,62.5,Belmead,340,53.52384077,-113.6459966
Coronation Park Chapel,North Edmonton,Belmead,1,2,25,60,No,1,239,63.75,Belmead,341,53.52226658,-113.6339298
Coronation Park Chapel,North Edmonton,Belmead,2,2,45,75,No,1,240,97.5,Belmead,345,53.52394037,-113.6447159
Coronation Park Chapel,North Edmonton,Belmead,1,2,25,60,No,1,245,59,Belmead,350,53.52286413,-113.6385871
Coronation Park Chapel,North Edmonton,Belmead,1,0,14,43.33333333,No,1,254,43.33333333,Belmead,357,53.52396845,-113.6356758
Coronation Park Chapel,North Edmonton,Belmead,2,1,27,41.66666667,No,1,255,41.66666667,Belmead,358,53.52718498,-113.6402793
Coronation Park Chapel,North Edmonton,Belmead,2,1,31,42.5,No,1,256,45,Belmead,360,53.52766166,-113.6359341
Coronation Park Chapel,North Edmonton,Belmead,2,0,35,67.5,No,1,257,70,Belmead,362,53.52274805,-113.6367203
Coronation Park Chapel,North Edmonton,Belmead,2,0,19,73.33333333,No,1,264,73.33333333,Belmead,369,53.52255037,-113.6407465
Coronation Park Chapel,North Edmonton,Belmead,1,2,28,66.66666667,No,1,264,66.66666667,Belmead,370,53.52352378,-113.6351176
Coronation Park Chapel,North Edmonton,Belmead,4,0,31,54.5,No,1,267,50,Belmead,373,53.52330165,-113.6454123
Coronation Park Chapel,North Edmonton,Belmead,0,2,30,38.75,No,1,267,38.75,Belmead,375,53.52283719,-113.6346532
Coronation Park Chapel,North Edmonton,Belmead,2,0,47,37.5,No,1,268,37.5,Belmead,376,53.52741231,-113.6330449
Coronation Park Chapel,North Edmonton,Belmead,2,3,54,36.25,No,1,272,36.25,Belmead,377,53.52445431,-113.636398
Coronation Park Chapel,North Edmonton,Belmead,2,0,28,57.5,No,1,273,70,Belmead,379,53.52571116,-113.6456126
Coronation Park Chapel,North Edmonton,Belmead,1,1,16,77.14285714,No,1,273,98.57142857,Belmead,381,53.52797593,-113.6309256
Coronation Park Chapel,North Edmonton,Belmead,1,1,30,74.28571429,No,1,273,92.14285714,Belmead,382,53.52786502,-113.6424709
Coronation Park Chapel,North Edmonton,Belmead,2,3,37,71.42857143,No,1,275,85.71428571,Belmead,383,53.52766166,-113.6359341
Coronation Park Chapel,North Edmonton,Belmead,0,2,18,68.57142857,No,1,275,79.28571429,Belmead,384,53.52445431,-113.636398
Coronation Park Chapel,North Edmonton,Belmead,3,1,38,65.71428571,No,1,278,72.85714286,Belmead,385,53.52952218,-113.6441119
Coronation Park Chapel,North Edmonton,Belmead,1,3,55,62.85714286,No,1,279,66.42857143,Belmead,386,53.52766166,-113.6359341
Coronation Park Chapel,North Edmonton,Belmead,1,1,20,61.66666667,No,1,280,65,Belmead,389,53.52231592,-113.6425623
Coronation Park Chapel,North Edmonton,Belmead,3,3,19,63.33333333,No,1,281,67,Belmead,390,53.52622048,-113.6456867
Coronation Park Chapel,North Edmonton,Belmead,1,0,23,65,No,1,281,69,Belmead,391,53.52445431,-113.636398
Coronation Park Chapel,North Edmonton,Belmead,2,3,61,66.66666667,No,1,284,71,Belmead,392,53.5262221,-113.6418417
Coronation Park Chapel,North Edmonton,Belmead,1,2,31,68.33333333,No,1,284,73,Belmead,393,53.52330564,-113.6320085
Coronation Park Chapel,North Edmonton,Belmead,2,2,40,69.23076923,No,1,288,75.38461538,Belmead,395,53.52445431,-113.636398
Coronation Park Chapel,North Edmonton,Belmead,2,3,32,68.46153846,No,1,288,75.76923077,Belmead,396,53.52890947,-113.6454896
Coronation Park Chapel,North Edmonton,Belmead,1,0,35,67.69230769,No,1,288,76.15384615,Belmead,397,53.52542819,-113.6469175
Coronation Park Chapel,North Edmonton,Belmead,1,2,31,66.92307692,No,1,289,76.53846154,Belmead,398,53.52274835,-113.6467901
Coronation Park Chapel,North Edmonton,Belmead,1,3,13,66.15384615,No,1,289,76.92307692,Belmead,399,53.52286413,-113.6385871
Coronation Park Chapel,North Edmonton,Belmead,2,3,21,65.38461538,No,1,289,77.30769231,Belmead,400,53.5280336,-113.6336538
Coronation Park Chapel,North Edmonton,Belmead,3,0,43,64.61538462,No,1,293,77.69230769,Belmead,401,53.52718498,-113.6402793
Coronation Park Chapel,North Edmonton,Belmead,1,1,33,63.84615385,No,1,293,78.07692308,Belmead,402,53.52255037,-113.6407465
Coronation Park Chapel,North Edmonton,Belmead,1,3,80,63.07692308,No,1,296,78.46153846,Belmead,403,53.52718498,-113.6402793
Coronation Park Chapel,North Edmonton,Belmead,1,0,33,62.30769231,No,1,297,78.84615385,Belmead,404,53.52869926,-113.6437344
Coronation Park Chapel,North Edmonton,Belmead,2,3,27,61.53846154,No,1,298,79.23076923,Belmead,405,53.52207253,-113.6439489
Coronation Park Chapel,North Edmonton,Belmead,1,1,38,60.76923077,No,1,299,79.61538462,Belmead,406,53.52819383,-113.6421426
Coronation Park Chapel,North Edmonton,Belmead,1,2,16,60,No,1,300,85,Belmead,412,53.52184917,-113.6329277
Coronation Park Chapel,North Edmonton,Belmead,2,0,17,51.33333333,No,1,303,62,Belmead,417,53.52788671,-113.6454342
Coronation Park Chapel,North Edmonton,Belmead,2,3,38,70.66666667,No,1,305,85,Belmead,418,53.52718498,-113.6402793
Coronation Park Chapel,North Edmonton,Belmead,2,0,39,70,No,1,313,63.5,Belmead,421,53.52830538,-113.6466988
Coronation Park Chapel,North Edmonton,Belmead,3,0,30,110,No,1,316,107.5,Belmead,424,53.52445431,-113.636398
Coronation Park Chapel,North Edmonton,Belmead,1,2,53,95,No,1,320,95,Belmead,426,53.52445431,-113.636398
Coronation Park Chapel,North Edmonton,Belmead,2,0,63,102.5,No,1,328,92.5,Belmead,429,53.52286413,-113.6385871
Coronation Park Chapel,North Edmonton,Belmead,1,3,71,67.5,No,1,343,72.5,Belmead,433,53.52189841,-113.6367002
Bearspaw Chapel,Gateway Stake,Blackmud Creek Ward,3,0,8,30,No,1,60,30,Blackmud Creek,51,53.42284108,-113.5073499
Bearspaw Chapel,Gateway Stake,Blackmud Creek Ward,2,0,16,20,No,1,67,30,Blackmud Creek,54,53.42284108,-113.5073499
Bearspaw Chapel,Gateway Stake,Blackmud Creek Ward,2,3,42,30,No,1,95,53,Blackmud Creek,71,53.42284108,-113.5073499
Bearspaw Chapel,Gateway Stake,Blackmud Creek Ward,2,2,15,60,No,1,100,75,Blackmud Creek,80,53.42284108,-113.5073499
Bearspaw Chapel,Gateway Stake,Blackmud Creek Ward,3,4,19,20,Yes,2,109,20,Blackmud Creek,92,53.42284108,-113.5073499
Bearspaw Chapel,Gateway Stake,Blackmud Creek Ward,2,0,21,40,No,1,109,40,Blackmud Creek,93,53.42284108,-113.5073499
Bearspaw Chapel,Gateway Stake,Blackmud Creek Ward,2,0,20,60,No,1,123,60,Blackmud Creek,119,53.42284108,-113.5073499
Bearspaw Chapel,Gateway Stake,Blackmud Creek Ward,2,0,15,45,No,1,135,35,Blackmud Creek,132,53.42284108,-113.5073499
Bearspaw Chapel,Gateway Stake,Blackmud Creek Ward,2,20,20,60,No,1,147,60,Blackmud Creek,155,53.42284108,-113.5073499
Bearspaw Chapel,Gateway Stake,Blackmud Creek Ward,2,0,35,60,No,1,148,120,Blackmud Creek,161,53.42284108,-113.5073499
Bearspaw Chapel,Gateway Stake,Blackmud Creek Ward,2,4,18,45,No,1,154,45,Blackmud Creek,176,53.42284108,-113.5073499
Bearspaw Chapel,Gateway Stake,Blackmud Creek Ward,6,5,48,49,No,1,162,42,Blackmud Creek,201,53.42284108,-113.5073499
Bearspaw Chapel,Gateway Stake,Blackmud Creek Ward,3,3,55,47,No,1,165,47,Blackmud Creek,204,53.42284108,-113.5073499
Bearspaw Chapel,Gateway Stake,Blackmud Creek Ward,3,0,30,45,No,1,171,45,Blackmud Creek,219,53.42284108,-113.5073499
Bearspaw Chapel,Gateway Stake,Blackmud Creek Ward,2,2,32,60,No,1,174,75,Blackmud Creek,225,53.42284108,-113.5073499
Bearspaw Chapel,Gateway Stake,Blackmud Creek Ward,1,4,13,35,No,1,177,40,Blackmud Creek,229,53.42284108,-113.5073499
Bearspaw Chapel,Gateway Stake,Blackmud Creek Ward,1,4,12,20,Yes,2,178,20,Blackmud Creek,230,53.42284108,-113.5073499
Bearspaw Chapel,Gateway Stake,Blackmud Creek Ward,4,9,32,75,No,1,178,75,Blackmud Creek,231,53.42284108,-113.5073499
Bearspaw Chapel,Gateway Stake,Blackmud Creek Ward,2,0,20,20,No,1,179,20,Blackmud Creek,232,53.42284108,-113.5073499
Bearspaw Chapel,Gateway Stake,Blackmud Creek Ward,2,2,25,10,No,1,190,50,Blackmud Creek,248,53.42284108,-113.5073499
Bearspaw Chapel,Gateway Stake,Blackmud Creek Ward,2,2,25,75,No,1,202,75,Blackmud Creek,288,53.42284108,-113.5073499
Bearspaw Chapel,Gateway Stake,Blackmud Creek Ward,3,3,37,60,No,1,206,50,Blackmud Creek,296,53.42284108,-113.5073499
Bearspaw Chapel,Gateway Stake,Blackmud Creek Ward,2,3,50,45,No,1,240,45,Blackmud Creek,343,53.42284108,-113.5073499
Bearspaw Chapel,Gateway Stake,Blackmud Creek Ward,2,3,49,60,Yes,2,241,89,Blackmud Creek,347,53.42284108,-113.5073499
Bearspaw Chapel,Gateway Stake,Blackmud Creek Ward,1,4,41,25,No,1,260,70,Blackmud Creek,365,53.42284108,-113.5073499
Bearspaw Chapel,Gateway Stake,Blackmud Creek Ward,4,5,14,30,No,1,180,30,Blackmud Creek,498,53.42284108,-113.5073499
Bearspaw Chapel,Gateway Stake,Blackmud Creek Ward,2,0,22,60,No,1,180,90,Blackmud Creek,500,53.42284108,-113.5073499
Londonderry Chapel,Bonnie Doon Stake,Clareview Ward,1,3,14,25,No,1,14,25,Clareview,16,53.60578062,-113.3992374
Londonderry Chapel,Bonnie Doon Stake,Clareview Ward,1,1,36,45,No,1,15,60.10972569,Clareview,17,53.60578062,-113.3992374
Londonderry Chapel,Bonnie Doon Stake,Clareview Ward,2,0,24,30,No,1,23,60.10972569,Clareview,30,53.60578062,-113.3992374
Londonderry Chapel,Bonnie Doon Stake,Clareview Ward,3,1,25,60,No,1,25,60.10972569,Clareview,32,53.60578062,-113.3992374
Londonderry Chapel,Bonnie Doon Stake,Clareview Ward,2,0,34,60,Yes,2,32,60.10972569,Clareview,39,53.60578062,-113.3992374
Londonderry Chapel,Bonnie Doon Stake,Clareview Ward,2,0,1,30,No,1,100,34,Clareview,75,53.60578062,-113.3992374
Londonderry Chapel,Bonnie Doon Stake,Clareview Ward,2,0,16,60,No,1,100,65,Clareview,87,53.60578062,-113.3992374
Londonderry Chapel,Bonnie Doon Stake,Clareview Ward,2,0,6,35,No,1,110,65,Clareview,99,53.60578062,-113.3992374
Londonderry Chapel,Bonnie Doon Stake,Clareview Ward,1,0,17,60,No,1,110,60.10972569,Clareview,100,53.60578062,-113.3992374
Londonderry Chapel,Bonnie Doon Stake,Clareview Ward,1,2,20,60,No,1,110,107,Clareview,101,53.60578062,-113.3992374
Londonderry Chapel,Bonnie Doon Stake,Clareview Ward,2,0,15,30,No,1,121,38,Clareview,118,53.60578062,-113.3992374
Londonderry Chapel,Bonnie Doon Stake,Clareview Ward,1,2,25,45,No,1,135,60.10972569,Clareview,130,53.60578062,-113.3992374
Londonderry Chapel,Bonnie Doon Stake,Clareview Ward,1,2,6,45,No,1,150,60.10972569,Clareview,169,53.60578062,-113.3992374
Londonderry Chapel,Bonnie Doon Stake,Clareview Ward,2,2,60,60,Yes,3,165,60.10972569,Clareview,205,53.60578062,-113.3992374
Londonderry Chapel,Bonnie Doon Stake,Clareview Ward,2,0,12,50,No,1,180,63,Clareview,238,53.60578062,-113.3992374
Londonderry Chapel,Bonnie Doon Stake,Clareview Ward,2,1,42,110,Yes,2,191,112,Clareview,251,53.60578062,-113.3992374
Londonderry Chapel,Bonnie Doon Stake,Clareview Ward,2,2,40,70,Yes,2,200,70,Clareview,271,53.60578062,-113.3992374
Londonderry Chapel,Bonnie Doon Stake,Clareview Ward,1,4,40,60,Yes,2,200,60.10972569,Clareview,273,53.60578062,-113.3992374
Londonderry Chapel,Bonnie Doon Stake,Clareview Ward,1,0,55,180,No,1,225,60.10972569,Clareview,325,53.60578062,-113.3992374
Londonderry Chapel,Bonnie Doon Stake,Clareview Ward,2,3,24,45,Yes,3,250,45,Clareview,356,53.60578062,-113.3992374
Londonderry Chapel,Bonnie Doon Stake,Clareview Ward,1,0,38,90,Yes,2,300,114,Clareview,408,53.60578062,-113.3992374
Londonderry Chapel,Bonnie Doon Stake,Clareview Ward,3,0,150,120,Yes,4,450,65,Clareview,455,53.60578062,-113.3992374
Londonderry Chapel,Bonnie Doon Stake,Clareview Ward,4,0,200,240,Yes,7,607,60.10972569,Clareview,471,53.60578062,-113.3992374
Londonderry Chapel,Bonnie Doon Stake,Clareview Ward,2,0,9,45,No,1,180,60.10972569,Clareview,481,53.60578062,-113.3992374
Londonderry Chapel,Bonnie Doon Stake,Clareview Ward,2,0,3,3,No,1,180,60.10972569,Clareview,483,53.60578062,-113.3992374
Londonderry Chapel,Bonnie Doon Stake,Clareview Ward,2,4,22,20,No,1,180,33,Clareview,488,53.60578062,-113.3992374
Londonderry Chapel,Bonnie Doon Stake,Clareview Ward,1,2,20,20,No,1,180,79,Clareview,491,53.60578062,-113.3992374
Londonderry Chapel,Bonnie Doon Stake,Clareview Ward,3,1,30,60,No,1,180,60.10972569,Clareview,492,53.60578062,-113.3992374
Bonnie Doon Stake Centre,Bonnie Doon Stake,Connors Hill Ward,2,0,10,30,No,1,136,30,Connors Hill,134,,
Bonnie Doon Stake Centre,Bonnie Doon Stake,Connors Hill Ward,3,1,40,60,No,1,160,44,Connors Hill,195,,
Bonnie Doon Stake Centre,Bonnie Doon Stake,Connors Hill Ward,1,1,40,150,Yes,2,180,95,Connors Hill,236,,
Bonnie Doon Stake Centre,Bonnie Doon Stake,Connors Hill Ward,3,5,10,60,No,1,184,60,Connors Hill,241,,
Bonnie Doon Stake Centre,Bonnie Doon Stake,Connors Hill Ward,2,0,25,40,No,1,235,60,Connors Hill,333,,
Bonnie Doon Stake Centre,Bonnie Doon Stake,Connors Hill Ward,2,0,25,60,No,1,249,60,Connors Hill,352,,
Bonnie Doon Stake Centre,Bonnie Doon Stake,Connors Hill Ward,1,0,19,60,Yes,2,280,63,Connors Hill,388,,
Bonnie Doon Stake Centre,Bonnie Doon Stake,Connors Hill Ward,1,2,30,30,No,1,300,30,Connors Hill,410,,
Bonnie Doon Stake Centre,Bonnie Doon Stake,Connors Hill Ward,2,3,40,180,Yes,2,375,60,Connors Hill,439,,
Coronation Park Chapel,Bonnie Doon Stake,Coronation Park Ward,2,1,25,55,No,1,20,55,Coronation Park,25,,
Coronation Park Chapel,Bonnie Doon Stake,Coronation Park Ward,2,2,72,45,Yes,3,63,81,Coronation Park,52,,
Coronation Park Chapel,Bonnie Doon Stake,Coronation Park Ward,2,0,20,60,No,1,96,60,Coronation Park,73,,
Coronation Park Chapel,Bonnie Doon Stake,Coronation Park Ward,1,1,15,60,No,1,100,60.10972569,Coronation Park,77,,
Coronation Park Chapel,Bonnie Doon Stake,Coronation Park Ward,2,0,18,63,No,1,140,63,Coronation Park,140,,
Coronation Park Chapel,Bonnie Doon Stake,Coronation Park Ward,3,0,18,45,No,1,143,45,Coronation Park,147,,
Coronation Park Chapel,Bonnie Doon Stake,Coronation Park Ward,2,2,35,75,Yes,2,144,74,Coronation Park,148,,
Coronation Park Chapel,Bonnie Doon Stake,Coronation Park Ward,2,0,44,60,Yes,2,266,60,Coronation Park,371,,
Coronation Park Chapel,Bonnie Doon Stake,Coronation Park Ward,1,1,38,90,Yes,2,300,60.10972569,Coronation Park,414,,
Coronation Park Chapel,Bonnie Doon Stake,Coronation Park Ward,2,0,5,32,No,1,302,39,Coronation Park,416,,
Coronation Park Chapel,Bonnie Doon Stake,Coronation Park Ward,3,1,117,45,Yes,4,403,90,Coronation Park,450,,
Coronation Park Chapel,Bonnie Doon Stake,Coronation Park Ward,2,1,55,110,Yes,2,180,98,Coronation Park,484,,
Coronation Park Chapel,Bonnie Doon Stake,Coronation Park Ward,4,0,37,45,Yes,2,180,100,Coronation Park,486,,
Coronation Park Chapel,Bonnie Doon Stake,Coronation Park Ward,2,2,37,57,No,1,180,57,Coronation Park,487,,
Gateway Stake Centre,Gateway Stake,Crawford Plains Ward,2,3,30,60,Yes,2,23,75,Crawford Plains,28,53.44341912,-113.4026104
Gateway Stake Centre,Gateway Stake,Crawford Plains Ward,1,1,25,35,No,1,26,35,Crawford Plains,34,53.44341912,-113.4026104
Gateway Stake Centre,Gateway Stake,Crawford Plains Ward,2,3,25,40,No,1,60,38,Crawford Plains,50,53.44341912,-113.4026104
Gateway Stake Centre,Gateway Stake,Crawford Plains Ward,1,1,12,60,No,1,92,60,Crawford Plains,70,53.44341912,-113.4026104
Gateway Stake Centre,Gateway Stake,Crawford Plains Ward,1,0,20,20,No,1,100,20,Crawford Plains,76,53.44341912,-113.4026104
Gateway Stake Centre,Gateway Stake,Crawford Plains Ward,2,0,12,25,No,1,110,25,Crawford Plains,98,53.44341912,-113.4026104
Gateway Stake Centre,Gateway Stake,Crawford Plains Ward,1,2,17,40,Yes,1,113,50,Crawford Plains,103,53.44341912,-113.4026104
Gateway Stake Centre,Gateway Stake,Crawford Plains Ward,2,1,16,30,No,1,114,21,Crawford Plains,104,53.44341912,-113.4026104
Gateway Stake Centre,Gateway Stake,Crawford Plains Ward,2,3,13,15,No,1,115,30,Crawford Plains,105,53.44341912,-113.4026104
Gateway Stake Centre,Gateway Stake,Crawford Plains Ward,2,0,15,40,No,1,115,40,Crawford Plains,107,53.44341912,-113.4026104
Gateway Stake Centre,Gateway Stake,Crawford Plains Ward,2,0,15,25,No,1,116,25,Crawford Plains,110,53.44341912,-113.4026104
Gateway Stake Centre,Gateway Stake,Crawford Plains Ward,3,1,28,30,No,1,123,30,Crawford Plains,120,53.44341912,-113.4026104
Gateway Stake Centre,Gateway Stake,Crawford Plains Ward,2,3,24,60,No,1,128,60,Crawford Plains,124,53.44341912,-113.4026104
Gateway Stake Centre,Gateway Stake,Crawford Plains Ward,2,0,35,70,No,1,134,67,Crawford Plains,128,53.44341912,-113.4026104
Gateway Stake Centre,Gateway Stake,Crawford Plains Ward,1,0,16,30,No,1,135,30,Crawford Plains,129,53.44341912,-113.4026104
Gateway Stake Centre,Gateway Stake,Crawford Plains Ward,1,1,5,17,No,1,135,17,Crawford Plains,133,53.44341912,-113.4026104
Gateway Stake Centre,Gateway Stake,Crawford Plains Ward,2,0,6,19,Yes,2,136,18,Crawford Plains,135,53.44341912,-113.4026104
Gateway Stake Centre,Gateway Stake,Crawford Plains Ward,2,2,9,20,No,1,138,20,Crawford Plains,138,53.44341912,-113.4026104
Gateway Stake Centre,Gateway Stake,Crawford Plains Ward,2,0,36,60,Yes,2,140,73,Crawford Plains,142,53.44341912,-113.4026104
Gateway Stake Centre,Gateway Stake,Crawford Plains Ward,3,1,18,25,Yes,2,144,30,Crawford Plains,150,53.44341912,-113.4026104
Gateway Stake Centre,Gateway Stake,Crawford Plains Ward,2,0,8,30,No,1,144,30,Crawford Plains,151,53.44341912,-113.4026104
Gateway Stake Centre,Gateway Stake,Crawford Plains Ward,1,0,14,24,Yes,2,146,24,Crawford Plains,154,53.44341912,-113.4026104
Gateway Stake Centre,Gateway Stake,Crawford Plains Ward,2,0,26,45,No,1,150,40,Crawford Plains,166,53.44341912,-113.4026104
Gateway Stake Centre,Gateway Stake,Crawford Plains Ward,2,0,25,30,No,1,150,10,Crawford Plains,172,53.44341912,-113.4026104
Gateway Stake Centre,Gateway Stake,Crawford Plains Ward,2,0,6,15,No,1,168,15,Crawford Plains,210,53.44341912,-113.4026104
Gateway Stake Centre,Gateway Stake,Crawford Plains Ward,2,3,20,60,Yes,2,194,60,Crawford Plains,255,53.44341912,-113.4026104
Gateway Stake Centre,Gateway Stake,Crawford Plains Ward,2,1,23,32,Yes,1,195,32,Crawford Plains,257,53.44341912,-113.4026104
Gateway Stake Centre,Gateway Stake,Crawford Plains Ward,1,3,32,52,Yes,1,200,52,Crawford Plains,274,53.44341912,-113.4026104
Gateway Stake Centre,Gateway Stake,Crawford Plains Ward,1,2,32,60,Yes,2,215,60,Crawford Plains,311,53.44341912,-113.4026104
Gateway Stake Centre,Gateway Stake,Crawford Plains Ward,1,1,15,55,Yes,2,236,55,Crawford Plains,337,53.44341912,-113.4026104
Gateway Stake Centre,Gateway Stake,Crawford Plains Ward,3,2,30,40,Yes,2,256,40,Crawford Plains,359,53.44341912,-113.4026104
Gateway Stake Centre,Gateway Stake,Crawford Plains Ward,1,2,11,30,Yes,2,261,33,Crawford Plains,367,53.44341912,-113.4026104
Gateway Stake Centre,Gateway Stake,Crawford Plains Ward,2,0,27,40,Yes,2,267,40,Crawford Plains,374,53.44341912,-113.4026104
Gateway Stake Centre,Gateway Stake,Crawford Plains Ward,2,3,21,50,Yes,2,317,50,Crawford Plains,425,53.44341912,-113.4026104
Gateway Stake Centre,Gateway Stake,Crawford Plains Ward,2,2,37,140,Yes,3,321,140,Crawford Plains,427,53.44341912,-113.4026104
Gateway Stake Centre,Gateway Stake,Crawford Plains Ward,2,2,52,125,Yes,3,324,105,Crawford Plains,428,53.44341912,-113.4026104
Gateway Stake Centre,Gateway Stake,Crawford Plains Ward,2,3,40,90,Yes,3,380,90,Crawford Plains,442,53.44341912,-113.4026104
Gateway Stake Centre,Gateway Stake,Crawford Plains Ward,2,3,50,90,Yes,3,460,90,Crawford Plains,458,53.44341912,-113.4026104
Gateway Stake Centre,Gateway Stake,Crawford Plains Ward,2,0,16,15,Yes,4,520,54,Crawford Plains,467,53.44341912,-113.4026104
Gateway Stake Centre,Gateway Stake,Crawford Plains Ward,2,2,124,165,Yes,6,759,165,Crawford Plains,475,53.44341912,-113.4026104
Gateway Stake Centre,Gateway Stake,Crawford Plains Ward,1,1,120,70,Yes,6,900,77,Crawford Plains,476,53.44341912,-113.4026104
Gateway Stake Centre,Gateway Stake,Crawford Plains Ward,2,0,20,25,Yes,1,180,30,Crawford Plains,479,53.44341912,-113.4026104
Gateway Stake Centre,Gateway Stake,Crawford Plains Ward,2,0,150,150,Yes,6,180,150,Crawford Plains,499,53.44341912,-113.4026104
Riverbend Stake Centre,Riverbend Stake,Drayton Valley Ward,4,0,80,120,Yes,4,400,90,Drayton Valley,449,,
Gateway Stake Centre,Gateway Stake,Ellerslie Ward,1,3,25,35,No,1,19,33,Ellerslie,21,53.42974399,-113.448084
Gateway Stake Centre,Gateway Stake,Ellerslie Ward,2,3,65,65,Yes,3,65,65,Ellerslie,53,53.42974399,-113.448084
Gateway Stake Centre,Gateway Stake,Ellerslie Ward,2,0,11,15,No,1,165,15,Ellerslie,207,53.42974399,-113.448084
Gateway Stake Centre,Gateway Stake,Ellerslie Ward,3,1,18,23,No,1,180,23,Ellerslie,237,53.42974399,-113.448084
Gateway Stake Centre,Gateway Stake,Ellerslie Ward,1,1,45,90,Yes,1,180,90,Ellerslie,239,53.42974399,-113.448084
Gateway Stake Centre,Gateway Stake,Ellerslie Ward,3,1,28,27,No,1,184,27,Ellerslie,242,53.42974399,-113.448084
Gateway Stake Centre,Gateway Stake,Ellerslie Ward,2,4,14,30,No,1,190,31,Ellerslie,249,53.42974399,-113.448084
Gateway Stake Centre,Gateway Stake,Ellerslie Ward,1,0,26,40,Yes,2,191,36,Ellerslie,250,53.42974399,-113.448084
Gateway Stake Centre,Gateway Stake,Ellerslie Ward,2,1,22,50,No,1,191,50,Ellerslie,252,53.42974399,-113.448084
Gateway Stake Centre,Gateway Stake,Ellerslie Ward,2,2,20,60,No,1,197,60,Ellerslie,260,53.42974399,-113.448084
Gateway Stake Centre,Gateway Stake,Ellerslie Ward,2,4,25,34,No,1,198,34,Ellerslie,262,53.42974399,-113.448084
Gateway Stake Centre,Gateway Stake,Ellerslie Ward,2,3,30,62,No,1,200,63,Ellerslie,272,53.42974399,-113.448084
Gateway Stake Centre,Gateway Stake,Ellerslie Ward,2,5,25,45,No,1,200,45,Ellerslie,278,53.42974399,-113.448084
Gateway Stake Centre,Gateway Stake,Ellerslie Ward,1,1,18,26,No,1,201,25,Ellerslie,285,53.42974399,-113.448084
Gateway Stake Centre,Gateway Stake,Ellerslie Ward,1,2,28,35,No,1,203,35,Ellerslie,289,53.42974399,-113.448084
Gateway Stake Centre,Gateway Stake,Ellerslie Ward,2,2,34,28,No,1,203,28,Ellerslie,291,53.42974399,-113.448084
Gateway Stake Centre,Gateway Stake,Ellerslie Ward,1,2,10,30,No,1,205,30,Ellerslie,292,53.42974399,-113.448084
Gateway Stake Centre,Gateway Stake,Ellerslie Ward,2,2,33,50,Yes,1,207,50,Ellerslie,297,53.42974399,-113.448084
Gateway Stake Centre,Gateway Stake,Ellerslie Ward,2,4,40,37,No,1,207,60.10972569,Ellerslie,298,53.42974399,-113.448084
Gateway Stake Centre,Gateway Stake,Ellerslie Ward,3,2,30,40,No,1,210,45,Ellerslie,304,53.42974399,-113.448084
Gateway Stake Centre,Gateway Stake,Ellerslie Ward,2,2,35,60,No,1,214,60,Ellerslie,310,53.42974399,-113.448084
Gateway Stake Centre,Gateway Stake,Ellerslie Ward,2,3,20,50,No,1,219,50,Ellerslie,320,53.42974399,-113.448084
Gateway Stake Centre,Gateway Stake,Ellerslie Ward,2,0,26,35,No,1,220,35,Ellerslie,324,53.42974399,-113.448084
Gateway Stake Centre,Gateway Stake,Ellerslie Ward,1,1,25,25,No,1,226,25,Ellerslie,326,53.42974399,-113.448084
Gateway Stake Centre,Gateway Stake,Ellerslie Ward,2,1,40,60,Yes,1,228,53,Ellerslie,328,53.42974399,-113.448084
Gateway Stake Centre,Gateway Stake,Ellerslie Ward,2,4,50,45,No,1,236,60,Ellerslie,338,53.42974399,-113.448084
Gateway Stake Centre,Gateway Stake,Ellerslie Ward,2,0,40,65,No,1,239,65,Ellerslie,342,53.42974399,-113.448084
Gateway Stake Centre,Gateway Stake,Ellerslie Ward,1,2,20,50,Yes,2,260,50,Ellerslie,366,53.42974399,-113.448084
Gateway Stake Centre,Gateway Stake,Ellerslie Ward,2,1,50,135,Yes,2,419,135,Ellerslie,451,53.42974399,-113.448084
Gateway Stake Centre,Gateway Stake,Ellerslie Ward,2,5,39,45,Yes,2,466,45,Ellerslie,460,53.42974399,-113.448084
Gateway Stake Centre,Gateway Stake,Ellerslie Ward,2,2,67,100,Yes,3,501,100,Ellerslie,466,53.42974399,-113.448084
Bonnie Doon Stake Centre,Bonnie Doon Stake,Forest Heights Ward,2,2,17,51,No,1,75,54,Forest Heights,58,53.54967528,-113.4566867
Bonnie Doon Stake Centre,Bonnie Doon Stake,Forest Heights Ward,2,2,15,30,No,1,90,38,Forest Heights,68,53.54967528,-113.4566867
Bonnie Doon Stake Centre,Bonnie Doon Stake,Forest Heights Ward,3,3,30,60,Yes,2,100,73,Forest Heights,81,53.54967528,-113.4566867
Bonnie Doon Stake Centre,Bonnie Doon Stake,Forest Heights Ward,2,3,18,120,No,1,100,56,Forest Heights,84,53.54967528,-113.4566867
Bonnie Doon Stake Centre,Bonnie Doon Stake,Forest Heights Ward,2,0,30,30,No,1,115,30,Forest Heights,109,53.54967528,-113.4566867
Bonnie Doon Stake Centre,Bonnie Doon Stake,Forest Heights Ward,2,3,20,60,No,1,120,60,Forest Heights,115,53.54967528,-113.4566867
Bonnie Doon Stake Centre,Bonnie Doon Stake,Forest Heights Ward,2,2,10,20,Yes,2,120,20,Forest Heights,117,53.54967528,-113.4566867
Bonnie Doon Stake Centre,Bonnie Doon Stake,Forest Heights Ward,2,0,16,40,No,1,125,40,Forest Heights,122,53.54967528,-113.4566867
Bonnie Doon Stake Centre,Bonnie Doon Stake,Forest Heights Ward,1,1,18,45,No,1,125,36,Forest Heights,123,53.54967528,-113.4566867
Bonnie Doon Stake Centre,Bonnie Doon Stake,Forest Heights Ward,1,0,33,45,Yes,2,130,45,Forest Heights,127,53.54967528,-113.4566867
Bonnie Doon Stake Centre,Bonnie Doon Stake,Forest Heights Ward,1,3,11,30,Yes,2,170,30,Forest Heights,215,53.54967528,-113.4566867
Bonnie Doon Stake Centre,Bonnie Doon Stake,Forest Heights Ward,4,0,42,60,Yes,2,194,96,Forest Heights,256,53.54967528,-113.4566867
Bonnie Doon Stake Centre,Bonnie Doon Stake,Forest Heights Ward,2,4,32,45,No,1,200,73,Forest Heights,267,53.54967528,-113.4566867
Bonnie Doon Stake Centre,Bonnie Doon Stake,Forest Heights Ward,2,3,28,57,Yes,2,200,57,Forest Heights,279,53.54967528,-113.4566867
Bonnie Doon Stake Centre,Bonnie Doon Stake,Forest Heights Ward,2,1,40,30,No,1,200,45,Forest Heights,283,53.54967528,-113.4566867
Riverbend Stake Centre,Riverbend Stake,Greenfield Ward,2,0,40,60,No,1,20,65,Greenfield,23,53.47604788,-113.5317413
Riverbend Stake Centre,Riverbend Stake,Greenfield Ward,2,3,27,60,No,1,21,60,Greenfield,26,53.47604788,-113.5317413
Riverbend Stake Centre,Riverbend Stake,Greenfield Ward,2,4,45,120,No,1,45,109,Greenfield,47,53.47604788,-113.5317413
Riverbend Stake Centre,Riverbend Stake,Greenfield Ward,2,3,39,120,No,1,110,109,Greenfield,94,53.47604788,-113.5317413
Riverbend Stake Centre,Riverbend Stake,Greenfield Ward,2,0,8,20,No,1,150,30,Greenfield,163,53.47604788,-113.5317413
Riverbend Stake Centre,Riverbend Stake,Greenfield Ward,2,0,30,50,No,1,172,50,Greenfield,220,53.47604788,-113.5317413
Riverbend Stake Centre,Riverbend Stake,Greenfield Ward,4,0,23,45,No,1,192,60,Greenfield,253,53.47604788,-113.5317413
Riverbend Stake Centre,Riverbend Stake,Greenfield Ward,2,2,30,25,No,1,196,30,Greenfield,259,53.47604788,-113.5317413
Riverbend Stake Centre,Riverbend Stake,Greenfield Ward,2,0,44,80,No,1,200,80,Greenfield,270,53.47604788,-113.5317413
Riverbend Stake Centre,Riverbend Stake,Greenfield Ward,2,10,29,40,Yes,3,200,40,Greenfield,277,53.47604788,-113.5317413
Riverbend Stake Centre,Riverbend Stake,Greenfield Ward,2,1,48,44,Yes,2,208,44,Greenfield,303,53.47604788,-113.5317413
Riverbend Stake Centre,Riverbend Stake,Greenfield Ward,2,0,50,270,Yes,1,210,83,Greenfield,306,53.47604788,-113.5317413
Riverbend Stake Centre,Riverbend Stake,Greenfield Ward,3,0,54,75,No,1,212,80,Greenfield,308,53.47604788,-113.5317413
Riverbend Stake Centre,Riverbend Stake,Greenfield Ward,2,1,46,60,No,1,220,60,Greenfield,322,53.47604788,-113.5317413
Riverbend Stake Centre,Riverbend Stake,Greenfield Ward,2,0,100,90,Yes,2,500,95,Greenfield,465,53.47604788,-113.5317413
North Stake Centre,Edmonton North Stake,Griesbach Ward,3,0,17,45,No,1,13,60,Griesbach,12,53.6134682,-113.5157507
North Stake Centre,Edmonton North Stake,Griesbach Ward,1,3,15,60,No,1,14,60,Griesbach,15,53.6134682,-113.5157507
North Stake Centre,Edmonton North Stake,Griesbach Ward,2,2,24,30,No,1,20,30,Griesbach,22,53.6134682,-113.5157507
North Stake Centre,Edmonton North Stake,Griesbach Ward,2,0,23,30,No,1,20,30,Griesbach,24,53.6134682,-113.5157507
North Stake Centre,Edmonton North Stake,Griesbach Ward,3,2,43,60,Yes,2,40,60,Griesbach,43,53.6134682,-113.5157507
North Stake Centre,Edmonton North Stake,Griesbach Ward,1,0,5,30,No,1,40,30,Griesbach,44,53.6134682,-113.5157507
North Stake Centre,Edmonton North Stake,Griesbach Ward,1,0,7,45,No,1,40,45,Griesbach,45,53.6134682,-113.5157507
North Stake Centre,Edmonton North Stake,Griesbach Ward,2,1,17,60,No,1,50,75,Griesbach,48,53.6134682,-113.5157507
North Stake Centre,Edmonton North Stake,Griesbach Ward,3,0,16,30,No,1,75,30,Griesbach,59,53.6134682,-113.5157507
North Stake Centre,Edmonton North Stake,Griesbach Ward,1,3,7,40,No,1,90,40,Griesbach,66,53.6134682,-113.5157507
North Stake Centre,Edmonton North Stake,Griesbach Ward,2,0,18,55,No,1,90,55,Griesbach,67,53.6134682,-113.5157507
North Stake Centre,Edmonton North Stake,Griesbach Ward,1,3,30,75,No,1,100,75,Griesbach,78,53.6134682,-113.5157507
North Stake Centre,Edmonton North Stake,Griesbach Ward,2,0,9,20,No,1,100,20,Griesbach,82,53.6134682,-113.5157507
North Stake Centre,Edmonton North Stake,Griesbach Ward,2,2,19,30,No,1,100,30,Griesbach,86,53.6134682,-113.5157507
North Stake Centre,Edmonton North Stake,Griesbach Ward,2,2,15,60,No,1,106,50,Griesbach,89,53.6134682,-113.5157507
North Stake Centre,Edmonton North Stake,Griesbach Ward,2,3,29,60,No,1,107,60,Griesbach,90,53.6134682,-113.5157507
North Stake Centre,Edmonton North Stake,Griesbach Ward,1,5,16,30,No,1,120,30,Griesbach,114,53.6134682,-113.5157507
North Stake Centre,Edmonton North Stake,Griesbach Ward,2,1,10,52,No,1,120,52,Griesbach,116,53.6134682,-113.5157507
North Stake Centre,Edmonton North Stake,Griesbach Ward,1,1,14,60,No,1,135,70,Griesbach,131,53.6134682,-113.5157507
North Stake Centre,Edmonton North Stake,Griesbach Ward,1,0,17,15,No,1,140,15,Griesbach,141,53.6134682,-113.5157507
North Stake Centre,Edmonton North Stake,Griesbach Ward,1,2,22,60,No,1,150,45,Griesbach,164,53.6134682,-113.5157507
North Stake Centre,Edmonton North Stake,Griesbach Ward,2,1,21,45,Yes,2,150,45,Griesbach,165,53.6134682,-113.5157507
North Stake Centre,Edmonton North Stake,Griesbach Ward,2,2,16,60,No,1,200,50,Griesbach,280,53.6134682,-113.5157507
North Stake Centre,Edmonton North Stake,Griesbach Ward,2,4,23,50,No,1,203,50,Griesbach,290,53.6134682,-113.5157507
North Stake Centre,Edmonton North Stake,Griesbach Ward,1,1,23,45,No,1,206,45,Griesbach,293,53.6134682,-113.5157507
North Stake Centre,Edmonton North Stake,Griesbach Ward,2,1,21,45,No,1,206,45,Griesbach,295,53.6134682,-113.5157507
North Stake Centre,Edmonton North Stake,Griesbach Ward,2,0,30,105,Yes,3,356,105,Griesbach,436,53.6134682,-113.5157507
North Stake Centre,Edmonton North Stake,Griesbach Ward,2,3,35,70,No,1,370,65,Griesbach,438,53.6134682,-113.5157507
North Stake Centre,Edmonton North Stake,Griesbach Ward,3,0,60,120,Yes,2,380,140,Griesbach,443,53.6134682,-113.5157507
North Stake Centre,Edmonton North Stake,Griesbach Ward,2,0,70,150,Yes,3,400,120,Griesbach,446,53.6134682,-113.5157507
North Stake Centre,Edmonton North Stake,Griesbach Ward,2,0,69,150,Yes,3,400,145,Griesbach,448,53.6134682,-113.5157507
North Stake Centre,Edmonton North Stake,Griesbach Ward,2,4,80,110,Yes,5,500,105,Griesbach,464,53.6134682,-113.5157507
North Stake Centre,Edmonton North Stake,Griesbach Ward,2,0,93,120,Yes,3,552,120,Griesbach,469,53.6134682,-113.5157507
Bearspaw Chapel,Gateway Stake,Lee Ridge Ward,1,0,15,45,No,1,15,45,Lee Ridge,18,53.47232073,-113.4502878
Gateway Stake Centre,Gateway Stake,Lee Ridge Ward,2,3,23,58,No,1,23,58,Lee Ridge,29,53.47232073,-113.4502878
Gateway Stake Centre,Gateway Stake,Lee Ridge Ward,2,0,20,55,No,1,25,55,Lee Ridge,31,53.47232073,-113.4502878
Gateway Stake Centre,Gateway Stake,Lee Ridge Ward,2,3,30,35,No,1,30,35,Lee Ridge,38,53.47232073,-113.4502878
Bearspaw Chapel,Gateway Stake,Lee Ridge Ward,1,0,18,120,Yes,2,40,120,Lee Ridge,42,53.47232073,-113.4502878
Bearspaw Chapel,Gateway Stake,Lee Ridge Ward,2,0,44,75,No,1,125,85,Lee Ridge,121,53.47232073,-113.4502878
Bearspaw Chapel,Gateway Stake,Lee Ridge Ward,2,1,21,35,No,1,139,32,Lee Ridge,139,53.47232073,-113.4502878
Gateway Stake Centre,Gateway Stake,Lee Ridge Ward,1,4,17,25,No,1,141,22,Lee Ridge,143,53.47232073,-113.4502878
Bearspaw Chapel,Gateway Stake,Lee Ridge Ward,2,0,28,70,No,1,142,60,Lee Ridge,144,53.47232073,-113.4502878
Bearspaw Chapel,Gateway Stake,Lee Ridge Ward,2,3,37,30,Yes,2,144,30,Lee Ridge,149,53.47232073,-113.4502878
Gateway Stake Centre,Gateway Stake,Lee Ridge Ward,2,1,36,40,No,1,145,44,Lee Ridge,153,53.47232073,-113.4502878
Bearspaw Chapel,Gateway Stake,Lee Ridge Ward,2,1,14,60,No,1,147,90,Lee Ridge,156,53.47232073,-113.4502878
Gateway Stake Centre,Gateway Stake,Lee Ridge Ward,1,4,16,20,Yes,2,147,20,Lee Ridge,157,53.47232073,-113.4502878
Bearspaw Chapel,Gateway Stake,Lee Ridge Ward,3,4,14,60,Yes,2,147,85,Lee Ridge,158,53.47232073,-113.4502878
Bearspaw Chapel,Gateway Stake,Lee Ridge Ward,4,3,26,30,No,1,148,36,Lee Ridge,160,53.47232073,-113.4502878
Gateway Stake Centre,Gateway Stake,Lee Ridge Ward,2,2,20,45,No,1,151,123,Lee Ridge,173,53.47232073,-113.4502878
Bearspaw Chapel,Gateway Stake,Lee Ridge Ward,4,0,24,40,No,1,155,45,Lee Ridge,180,53.47232073,-113.4502878
Bearspaw Chapel,Gateway Stake,Lee Ridge Ward,2,3,32,30,No,1,157,45,Lee Ridge,181,53.47232073,-113.4502878
Bearspaw Chapel,Gateway Stake,Lee Ridge Ward,5,3,24,40,No,1,157,40,Lee Ridge,182,53.47232073,-113.4502878
Bearspaw Chapel,Gateway Stake,Lee Ridge Ward,1,2,15,55,No,1,158,70,Lee Ridge,186,53.47232073,-113.4502878
Bearspaw Chapel,Gateway Stake,Lee Ridge Ward,2,1,20,50,No,1,158,45,Lee Ridge,187,53.47232073,-113.4502878
Bearspaw Chapel,Gateway Stake,Lee Ridge Ward,3,0,22,90,Yes,2,158,180,Lee Ridge,188,53.47232073,-113.4502878
Bearspaw Chapel,Gateway Stake,Lee Ridge Ward,1,4,30,45,No,1,160,45,Lee Ridge,191,53.47232073,-113.4502878
Gateway Stake Centre,Gateway Stake,Lee Ridge Ward,2,0,23,25,No,1,160,25,Lee Ridge,193,53.47232073,-113.4502878
Bearspaw Chapel,Gateway Stake,Lee Ridge Ward,1,2,25,45,No,1,160,120,Lee Ridge,196,53.47232073,-113.4502878
Bearspaw Chapel,Gateway Stake,Lee Ridge Ward,1,1,20,60,No,1,161,55,Lee Ridge,197,53.47232073,-113.4502878
Bearspaw Chapel,Gateway Stake,Lee Ridge Ward,1,2,15,45,Yes,2,162,110,Lee Ridge,199,53.47232073,-113.4502878
Bearspaw Chapel,Gateway Stake,Lee Ridge Ward,2,0,8,60,No,1,162,60,Lee Ridge,200,53.47232073,-113.4502878
Bearspaw Chapel,Gateway Stake,Lee Ridge Ward,1,2,20,120,Yes,2,163,65,Lee Ridge,202,53.47232073,-113.4502878
Bearspaw Chapel,Gateway Stake,Lee Ridge Ward,1,0,23,60,No,1,163,90,Lee Ridge,203,53.47232073,-113.4502878
Bearspaw Chapel,Gateway Stake,Lee Ridge Ward,2,1,30,40,Yes,2,165,90,Lee Ridge,206,53.47232073,-113.4502878
Bearspaw Chapel,Gateway Stake,Lee Ridge Ward,3,4,25,35,Yes,2,166,86,Lee Ridge,208,53.47232073,-113.4502878
Bearspaw Chapel,Gateway Stake,Lee Ridge Ward,1,2,20,60,Yes,1,168,65,Lee Ridge,212,53.47232073,-113.4502878
Gateway Stake Centre,Gateway Stake,Lee Ridge Ward,2,1,44,60,Yes,1,168,71,Lee Ridge,213,53.47232073,-113.4502878
Bearspaw Chapel,Gateway Stake,Lee Ridge Ward,2,4,24,40,No,1,169,40,Lee Ridge,214,53.47232073,-113.4502878
Bearspaw Chapel,Gateway Stake,Lee Ridge Ward,7,0,17,40,No,1,170,42,Lee Ridge,216,53.47232073,-113.4502878
Bearspaw Chapel,Gateway Stake,Lee Ridge Ward,2,1,35,40,Yes,2,172,60,Lee Ridge,221,53.47232073,-113.4502878
Gateway Stake Centre,Gateway Stake,Lee Ridge Ward,1,2,32,35,No,1,173,35,Lee Ridge,223,53.47232073,-113.4502878
Bearspaw Chapel,Gateway Stake,Lee Ridge Ward,2,3,22,35,Yes,2,207,32,Lee Ridge,300,53.47232073,-113.4502878
Gateway Stake Centre,Gateway Stake,Lee Ridge Ward,2,2,35,80,Yes,2,330,80,Lee Ridge,430,53.47232073,-113.4502878
Bearspaw Chapel,Gateway Stake,Lee Ridge Ward,3,2,68,110,Yes,3,466,145,Lee Ridge,459,53.47232073,-113.4502878
Bearspaw Chapel,Gateway Stake,Lee Ridge Ward,1,1,23,30,No,1,180,30,Lee Ridge,495,53.47232073,-113.4502878
Londonderry Chapel,Bonnie Doon Stake,Londonderry Ward,1,0,2,5,No,1,1,60.10972569,Londonderry,2,53.60350327,-113.4639622
Londonderry Chapel,Bonnie Doon Stake,Londonderry Ward,1,3,7,30,No,1,7,30,Londonderry,3,53.60119587,-113.4562888
Londonderry Chapel,Bonnie Doon Stake,Londonderry Ward,2,2,12,30,No,1,12,60.10972569,Londonderry,8,53.60012247,-113.4440169
Londonderry Chapel,Bonnie Doon Stake,Londonderry Ward,4,0,17,30,No,1,17,60.10972569,Londonderry,19,53.59994813,-113.4466297
Londonderry Chapel,Bonnie Doon Stake,Londonderry Ward,2,0,32,45,No,1,27,60.10972569,Londonderry,36,53.60401467,-113.4589891
Londonderry Chapel,Bonnie Doon Stake,Londonderry Ward,2,0,15,20,No,1,50,60.10972569,Londonderry,49,53.59994665,-113.4482222
Londonderry Chapel,Bonnie Doon Stake,Londonderry Ward,2,0,35,75,Yes,3,75,55,Londonderry,60,53.60199094,-113.4571764
Londonderry Chapel,Bonnie Doon Stake,Londonderry Ward,2,0,16,25,No,1,98,25,Londonderry,74,53.60023287,-113.445685
Londonderry Chapel,Bonnie Doon Stake,Londonderry Ward,1,1,30,60,No,1,100,60.10972569,Londonderry,79,53.60023352,-113.4449489
Londonderry Chapel,Bonnie Doon Stake,Londonderry Ward,2,0,20,35,No,1,100,40,Londonderry,85,53.60211053,-113.4565178
Londonderry Chapel,Bonnie Doon Stake,Londonderry Ward,3,2,20,40,No,1,107,40,Londonderry,91,53.60056475,-113.458786
Londonderry Chapel,Bonnie Doon Stake,Londonderry Ward,1,2,12,20,No,1,110,25,Londonderry,102,53.60138155,-113.4584328
Londonderry Chapel,Bonnie Doon Stake,Londonderry Ward,2,2,11,35,No,1,116,60.10972569,Londonderry,111,53.60054463,-113.45821
Londonderry Chapel,Bonnie Doon Stake,Londonderry Ward,2,3,35,60,No,1,180,60,Londonderry,234,53.60013914,-113.4567477
Londonderry Chapel,Bonnie Doon Stake,Londonderry Ward,2,1,17,30,No,1,182,60.10972569,Londonderry,240,53.60090407,-113.4592125
Londonderry Chapel,Bonnie Doon Stake,Londonderry Ward,2,0,28,45,No,1,185,60.10972569,Londonderry,243,53.60007261,-113.4577053
Londonderry Chapel,Bonnie Doon Stake,Londonderry Ward,2,2,19,45,No,1,198,35,Londonderry,264,53.60007151,-113.4585845
Londonderry Chapel,Bonnie Doon Stake,Londonderry Ward,3,0,15,45,Yes,2,200,51,Londonderry,268,53.60093669,-113.4582094
Londonderry Chapel,Bonnie Doon Stake,Londonderry Ward,1,2,35,45,No,1,200,60.10972569,Londonderry,269,53.60095135,-113.4573926
Londonderry Chapel,Bonnie Doon Stake,Londonderry Ward,2,0,100,5,Yes,2,200,49,Londonderry,276,53.60132832,-113.4593015
Londonderry Chapel,Bonnie Doon Stake,Londonderry Ward,2,0,5,15,No,1,218,60.10972569,Londonderry,316,53.60005746,-113.4591264
Londonderry Chapel,Bonnie Doon Stake,Londonderry Ward,2,1,35,60,Yes,2,250,57,Londonderry,353,53.60056308,-113.4567093
Londonderry Chapel,Bonnie Doon Stake,Londonderry Ward,2,2,43,60,Yes,2,300,55,Londonderry,413,53.60078901,-113.4573928
Londonderry Chapel,Bonnie Doon Stake,Londonderry Ward,2,0,45,75,No,1,300,75,Londonderry,415,53.60138261,-113.4575541
Londonderry Chapel,Bonnie Doon Stake,Londonderry Ward,2,0,30,45,Yes,2,180,60,Londonderry,480,53.60047227,-113.4593235
Londonderry Chapel,Bonnie Doon Stake,Londonderry Ward,2,0,4,10,No,1,180,60.10972569,Londonderry,482,53.60138875,-113.4588502
Londonderry Chapel,Bonnie Doon Stake,Londonderry Ward,1,0,30,75,Yes,2,180,60.10972569,Londonderry,485,53.60093287,-113.4586411
Londonderry Chapel,Bonnie Doon Stake,Londonderry Ward,2,2,39,60,No,1,180,60.10972569,Londonderry,489,53.60043512,-113.4573936
Londonderry Chapel,Bonnie Doon Stake,Londonderry Ward,1,1,12,60,Yes,1,180,45,Londonderry,494,53.60007313,-113.4572884
North Stake Centre,Edmonton North Stake,Namao Ward,2,0,23,100,No,1,160,100,Namao,194,53.61539674,-113.482291
North Stake Centre,Edmonton North Stake,Namao Ward,1,3,22,40,No,1,172,40,Namao,222,53.61618422,-113.4858406
North Stake Centre,Edmonton North Stake,Namao Ward,2,0,12,100,No,1,175,95,Namao,228,53.61529674,-113.4838799
North Stake Centre,Edmonton North Stake,Namao Ward,1,4,24,40,No,1,211,40,Namao,307,53.61668381,-113.4886452
North Stake Centre,Edmonton North Stake,Namao Ward,1,4,22,60,No,1,236,90,Namao,336,53.62033951,-113.4854705
North Stake Centre,Edmonton North Stake,Namao Ward,1,3,30,35,No,1,272,35,Namao,378,53.61696133,-113.4902752
North Stake Centre,Edmonton North Stake,Namao Ward,2,0,45,170,No,1,316,165,Namao,423,53.62842565,-113.4841501
North Stake Centre,Edmonton North Stake,Namao Ward,1,4,42,50,No,1,392,60,Namao,444,53.62661516,-113.4799624
Morinville,Edmonton North Stake,Namao Ward,2,8,54.5,105,Yes,2,525,100,Namao,468,53.62756851,-113.4825051
North Stake Centre,Edmonton North Stake,Namao Ward,2,2,145,150,Yes,5,2500,150,Namao,478,53.61986625,-113.4812308
Riverbend Stake Centre,Riverbend Stake,Rabbit Hill Ward,2,2,10,10,No,1,70,28,Rabbit Hill,56,53.43782428,-113.5738088
Riverbend Stake Centre,Riverbend Stake,Rabbit Hill Ward,2,4,80,105,Yes,4,74,105,Rabbit Hill,57,53.44315258,-113.5883544
Riverbend Stake Centre,Riverbend Stake,Rabbit Hill Ward,3,1,100,135,Yes,2,80,60.10972569,Rabbit Hill,61,53.43855892,-113.5668443
Riverbend Stake Centre,Riverbend Stake,Rabbit Hill Ward,4,1,15,15,No,1,80,15,Rabbit Hill,62,53.43865621,-113.5677142
Riverbend Stake Centre,Riverbend Stake,Rabbit Hill Ward,2,3,22,30,No,1,80,40,Rabbit Hill,65,53.44400048,-113.5874482
Riverbend Stake Centre,Riverbend Stake,Rabbit Hill Ward,1,1,30,45,No,1,158,40,Rabbit Hill,184,53.43824992,-113.5734604
Riverbend Stake Centre,Riverbend Stake,Rabbit Hill Ward,4,0,56,120,Yes,2,200,103,Rabbit Hill,282,53.43873178,-113.5738366
Riverbend Stake Centre,Riverbend Stake,Rabbit Hill Ward,1,1,43,60,No,1,208,65,Rabbit Hill,302,53.44346704,-113.5810329
Riverbend Stake Centre,Riverbend Stake,Rabbit Hill Ward,4,2,59,60,Yes,2,236,60,Rabbit Hill,335,53.4378826,-113.5731737
Riverbend Stake Centre,Riverbend Stake,Rabbit Hill Ward,1,0,25,80,Yes,2,273,105,Rabbit Hill,380,53.43587866,-113.5737599
Riverbend Stake Centre,Riverbend Stake,Rabbit Hill Ward,4,0,65,60,No,1,300,115,Rabbit Hill,411,53.44234819,-113.5825503
Riverbend Stake Centre,Riverbend Stake,Rabbit Hill Ward,3,0,52,80,Yes,2,313,67,Rabbit Hill,420,53.4441477,-113.5711497
Riverbend Stake Centre,Riverbend Stake,Rabbit Hill Ward,2,1,80,70,Yes,2,400,100,Rabbit Hill,447,53.44337408,-113.5892314
Riverbend Stake Centre,Riverbend Stake,Rabbit Hill Ward,3,1,110,120,Yes,3,430,100,Rabbit Hill,453,53.44404793,-113.5817116
Riverbend Stake Centre,Riverbend Stake,Rabbit Hill Ward,2,1,100,90,Yes,3,482,137,Rabbit Hill,462,53.4423034,-113.5881256
Riverbend Stake Centre,Riverbend Stake,Rabbit Hill Ward,2,8,200,240,Yes,8,1420,120,Rabbit Hill,477,53.4419219,-113.5844299
Gateway Stake Centre,Gateway Stake,Rio Vista Ward,2,1,45,60,Yes,2,36,54,Rio Vista,40,,
Gateway Stake Centre,Gateway Stake,Rio Vista Ward,7,7,46,60,No,1,219,60,Rio Vista,317,,
Gateway Stake Centre,Gateway Stake,Rio Vista Ward,5,8,33,80,Yes,3,397,80,Rio Vista,445,,
Riverbend Stake Centre,Riverbend Stake,Rutherford Ward,2,1,12,15,No,1,12,40,Rutherford,7,53.42045713,-113.5399461
Riverbend Stake Centre,Riverbend Stake,Rutherford Ward,2,0,20,45,No,1,13,45,Rutherford,13,53.42045713,-113.5399461
Riverbend Stake Centre,Riverbend Stake,Rutherford Ward,1,2,18,40,No,1,14,40,Rutherford,14,53.42045713,-113.5399461
Riverbend Stake Centre,Riverbend Stake,Rutherford Ward,2,0,8,15,No,1,68,38,Rutherford,55,53.42045713,-113.5399461
Riverbend Stake Centre,Riverbend Stake,Rutherford Ward,1,3,12,30,No,1,142,30,Rutherford,145,53.42045713,-113.5399461
Riverbend Stake Centre,Riverbend Stake,Rutherford Ward,2,0,12,35,No,1,159,25,Rutherford,189,53.42045713,-113.5399461
Riverbend Stake Centre,Riverbend Stake,Rutherford Ward,3,0,14,30,No,1,159,40,Rutherford,190,53.42045713,-113.5399461
Riverbend Stake Centre,Riverbend Stake,Rutherford Ward,2,0,19,65,No,1,174,65,Rutherford,227,53.42045713,-113.5399461
Riverbend Stake Centre,Riverbend Stake,Rutherford Ward,2,2,35,30,No,1,207,30,Rutherford,299,53.42045713,-113.5399461
Riverbend Stake Centre,Riverbend Stake,Rutherford Ward,2,2,40,75,No,1,215,65,Rutherford,312,53.42045713,-113.5399461
Riverbend Stake Centre,Riverbend Stake,Rutherford Ward,2,0,35,90,Yes,2,240,75,Rutherford,344,53.42045713,-113.5399461
Riverbend Stake Centre,Riverbend Stake,Rutherford Ward,3,0,34,90,Yes,2,246,90,Rutherford,351,53.42045713,-113.5399461
Riverbend Stake Centre,Riverbend Stake,Rutherford Ward,5,0,28,60,Yes,2,260,92,Rutherford,364,53.42045713,-113.5399461
Riverbend Stake Centre,Riverbend Stake,Rutherford Ward,2,2,67,60,Yes,2,377,60,Rutherford,440,53.42045713,-113.5399461
Riverbend Stake Centre,Riverbend Stake,Rutherford Ward,2,0,44,60,Yes,2,446,60,Rutherford,454,53.42045713,-113.5399461
Riverbend Stake Centre,Riverbend Stake,Rutherford Ward,2,2,65,90,Yes,2,650,70,Rutherford,472,53.42045713,-113.5399461
Gateway Stake Centre,Gateway Stake,Silver Berry Ward,2,3,21,30,No,1,1,32,Silver Berry,1,53.46463359,-113.3927011
Gateway Stake Centre,Gateway Stake,Silver Berry Ward,2,1,11,60,Yes,2,11,60,Silver Berry,6,53.46463359,-113.3927011
Gateway Stake Centre,Gateway Stake,Silver Berry Ward,5,0,29,30,No,1,19,30,Silver Berry,20,53.46463359,-113.3927011
Gateway Stake Centre,Gateway Stake,Silver Berry Ward,2,0,27,40,No,1,23,40,Silver Berry,27,53.46463359,-113.3927011
Gateway Stake Centre,Gateway Stake,Silver Berry Ward,2,0,31,58,No,1,27,60.10972569,Silver Berry,35,53.46463359,-113.3927011
Gateway Stake Centre,Gateway Stake,Silver Berry Ward,1,0,11,20,No,1,29,13,Silver Berry,37,53.46463359,-113.3927011
Gateway Stake Centre,Gateway Stake,Silver Berry Ward,2,3,22,40,No,1,118,40,Silver Berry,112,53.46463359,-113.3927011
Gateway Stake Centre,Gateway Stake,Silver Berry Ward,2,3,25,40,No,1,118,48,Silver Berry,113,53.46463359,-113.3927011
Gateway Stake Centre,Gateway Stake,Silver Berry Ward,1,1,14,45,No,1,150,45,Silver Berry,168,53.46463359,-113.3927011
Gateway Stake Centre,Gateway Stake,Silver Berry Ward,2,0,17,60,No,1,153,55,Silver Berry,175,53.46463359,-113.3927011
Gateway Stake Centre,Gateway Stake,Silver Berry Ward,2,0,24,40,No,1,167,50,Silver Berry,209,53.46463359,-113.3927011
Gateway Stake Centre,Gateway Stake,Silver Berry Ward,4,0,26,50,No,1,168,50,Silver Berry,211,53.46463359,-113.3927011
Gateway Stake Centre,Gateway Stake,Silver Berry Ward,2,0,17,40,No,1,170,40,Silver Berry,217,53.46463359,-113.3927011
Gateway Stake Centre,Gateway Stake,Silver Berry Ward,2,0,30,55,No,1,174,55,Silver Berry,226,53.46463359,-113.3927011
Gateway Stake Centre,Gateway Stake,Silver Berry Ward,2,3,31,50,No,1,180,50,Silver Berry,235,53.46463359,-113.3927011
Gateway Stake Centre,Gateway Stake,Silver Berry Ward,2,2,17,37,No,1,186,37,Silver Berry,244,53.46463359,-113.3927011
Gateway Stake Centre,Gateway Stake,Silver Berry Ward,2,0,20,30,No,1,186,30,Silver Berry,246,53.46463359,-113.3927011
Gateway Stake Centre,Gateway Stake,Silver Berry Ward,3,0,24,35,No,1,194,40,Silver Berry,254,53.46463359,-113.3927011
Gateway Stake Centre,Gateway Stake,Silver Berry Ward,2,2,17,37,Yes,2,197,37,Silver Berry,261,53.46463359,-113.3927011
Gateway Stake Centre,Gateway Stake,Silver Berry Ward,2,0,20,30,No,1,198,30,Silver Berry,263,53.46463359,-113.3927011
Gateway Stake Centre,Gateway Stake,Silver Berry Ward,2,3,21,32,No,1,202,32,Silver Berry,287,53.46463359,-113.3927011
Gateway Stake Centre,Gateway Stake,Silver Berry Ward,3,4,33,30,Yes,3,206,30,Silver Berry,294,53.46463359,-113.3927011
Gateway Stake Centre,Gateway Stake,Silver Berry Ward,2,2,36,35,No,1,216,35,Silver Berry,313,53.46463359,-113.3927011
Gateway Stake Centre,Gateway Stake,Silver Berry Ward,2,0,24,60,No,1,220,60,Silver Berry,321,53.46463359,-113.3927011
Gateway Stake Centre,Gateway Stake,Silver Berry Ward,2,1,25,45,No,1,230,45,Silver Berry,330,53.46463359,-113.3927011
Gateway Stake Centre,Gateway Stake,Silver Berry Ward,2,0,17,60,No,1,235,78,Silver Berry,334,53.46463359,-113.3927011
Gateway Stake Centre,Gateway Stake,Silver Berry Ward,2,0,38,90,No,1,243,90,Silver Berry,348,53.46463359,-113.3927011
Gateway Stake Centre,Gateway Stake,Silver Berry Ward,1,2,24,30,No,1,244,28,Silver Berry,349,53.46463359,-113.3927011
Gateway Stake Centre,Gateway Stake,Silver Berry Ward,3,0,35,30,No,1,250,20,Silver Berry,355,53.46463359,-113.3927011
Gateway Stake Centre,Gateway Stake,Silver Berry Ward,1,0,29,69,No,1,266,60,Silver Berry,372,53.46463359,-113.3927011
Gateway Stake Centre,Gateway Stake,Silver Berry Ward,6,0,20,30,No,1,300,30,Silver Berry,409,53.46463359,-113.3927011
Gateway Stake Centre,Gateway Stake,Silver Berry Ward,1,2,29,45,Yes,2,339,45,Silver Berry,431,53.46463359,-113.3927011
Gateway Stake Centre,Gateway Stake,Silver Berry Ward,2,2,29,45,No,1,342,45,Silver Berry,432,53.46463359,-113.3927011
Gateway Stake Centre,Gateway Stake,Silver Berry Ward,2,2,60,80,Yes,2,366,100,Silver Berry,437,53.46463359,-113.3927011
Gateway Stake Centre,Gateway Stake,Silver Berry Ward,3,1,40,100,Yes,2,419,100,Silver Berry,452,53.46463359,-113.3927011
Gateway Stake Centre,Gateway Stake,Silver Berry Ward,2,0,28,90,Yes,2,460,90,Silver Berry,457,53.46463359,-113.3927011
Gateway Stake Centre,Gateway Stake,Silver Berry Ward,1,3,77,120,Yes,2,472,120,Silver Berry,461,53.46463359,-113.3927011
Gateway Stake Centre,Gateway Stake,Silver Berry Ward,2,4,59,105,Yes,2,492,105,Silver Berry,463,53.46463359,-113.3927011
Gateway Stake Centre,Gateway Stake,Silver Berry Ward,2,2,85,90,Yes,3,585,90,Silver Berry,470,53.46463359,-113.3927011
Gateway Stake Centre,Gateway Stake,Silver Berry Ward,3,5,66,115,Yes,3,654,127,Silver Berry,474,53.46463359,-113.3927011
Bearspaw Chapel,Bonnie Doon Stake,Southgate Ward,4,0,14,45,No,1,13,45,Southgate,9,,
Bearspaw Chapel,Bonnie Doon Stake,Southgate Ward,1,0,17,30,No,1,13,35,Southgate,10,,
Bearspaw Chapel,Bonnie Doon Stake,Southgate Ward,2,3,15,45,No,1,13,35,Southgate,11,,
Bearspaw Chapel,Bonnie Doon Stake,Southgate Ward,5,1,6,15,No,1,40,60,Southgate,46,,
Bearspaw Chapel,Bonnie Doon Stake,Southgate Ward,4,0,8,45,No,1,80,60,Southgate,64,,
Bearspaw Chapel,Bonnie Doon Stake,Southgate Ward,2,0,20,45,No,1,95,89,Southgate,72,,
Bearspaw Chapel,Bonnie Doon Stake,Southgate Ward,2,5,15,25,No,1,115,84,Southgate,106,,
Bearspaw Chapel,Bonnie Doon Stake,Southgate Ward,1,4,30,30,No,1,130,30,Southgate,126,,
Bearspaw Chapel,Bonnie Doon Stake,Southgate Ward,1,2,31,60,No,1,143,55,Southgate,146,,
Bearspaw Chapel,Bonnie Doon Stake,Southgate Ward,2,0,22,30,No,1,145,45,Southgate,152,,
Bearspaw Chapel,Bonnie Doon Stake,Southgate Ward,2,3,20,45,No,1,147,45,Southgate,159,,
Bearspaw Chapel,Bonnie Doon Stake,Southgate Ward,2,2,9,60,No,1,150,60,Southgate,171,,
Bearspaw Chapel,Bonnie Doon Stake,Southgate Ward,4,5,34,55,No,1,157,55,Southgate,183,,
Bearspaw Chapel,Bonnie Doon Stake,Southgate Ward,5,3,55,90,Yes,3,200,90,Southgate,275,,
Bearspaw Chapel,Bonnie Doon Stake,Southgate Ward,2,1,25,45,Yes,2,256,50,Southgate,361,,
Bearspaw Chapel,Bonnie Doon Stake,Southgate Ward,2,3,60,90,Yes,2,257,90,Southgate,363,,
Bearspaw Chapel,Bonnie Doon Stake,Southgate Ward,2,0,12,60,No,1,180,60,Southgate,490,,
Bearspaw Chapel,Bonnie Doon Stake,Southgate Ward,2,4,45,90,Yes,2,180,65,Southgate,493,,
Bearspaw Chapel,Bonnie Doon Stake,Southgate Ward,2,0,58,75,Yes,3,180,70,Southgate,497,,
Parkland (Spruce Grove/Stony Plain),Edmonton North Stake,Stony Plain Ward,2,5,20,20,No,1,115,150,Stony Plain,108,,
Parkland (Spruce Grove/Stony Plain),Edmonton North Stake,Stony Plain Ward,2,0,140,30,No,1,130,60,Stony Plain,125,,
Coronation Park Chapel,Edmonton North Stake,Stony Plain Ward,1,0,30,47,Yes,2,155,60.10972569,Stony Plain,179,,
Parkland (Spruce Grove/Stony Plain),Edmonton North Stake,Stony Plain Ward,2,0,29,60,Yes,3,240,120,Stony Plain,346,,
Coronation Park Chapel,Edmonton North Stake,Stony Plain Ward,1,2,31,45,Yes,2,453,69,Stony Plain,456,,
Parkland (Spruce Grove/Stony Plain),Edmonton North Stake,Stony Plain Ward,1,0,16,30,No,1,180,30,Stony Plain,501,,
Londonderry Chapel,Bonnie Doon Stake,Strathcona Married Student Ward,1,5,25,45,No,1,25,60.10972569,Strathcona Married Student,33,,
Bearspaw Chapel,Bonnie Doon Stake,Strathcona Married Student Ward,2,1,10,30,No,1,90,45,Strathcona Married Student,69,,
Londonderry Chapel,Bonnie Doon Stake,Strathcona Married Student Ward,2,0,16,30,No,1,110,35,Strathcona Married Student,95,,
Bonnie Doon Stake Centre,Bonnie Doon Stake,Strathcona Married Student Ward,2,0,14,45,No,1,110,35,Strathcona Married Student,96,,
Bearspaw Chapel,Bonnie Doon Stake,Strathcona Married Student Ward,2,0,11,38,No,1,158,43,Strathcona Married Student,185,,
Bearspaw Chapel,Bonnie Doon Stake,Strathcona Married Student Ward,1,0,13,60,No,1,180,61,Strathcona Married Student,496,,
Riverbend Stake Centre,Riverbend Stake,Terwillegar Park Ward,1,3,50,60,No,1,38,65,Terwillegar Park,41,53.44582704,-113.5824764
Riverbend Stake Centre,Riverbend Stake,Terwillegar Park Ward,4,0,25,60,No,1,100,60,Terwillegar Park,88,53.45265895,-113.5730845
Riverbend Stake Centre,Riverbend Stake,Terwillegar Park Ward,3,1,19,40,No,1,150,50,Terwillegar Park,162,53.45185324,-113.5705516
Riverbend Stake Centre,Riverbend Stake,Terwillegar Park Ward,3,1,34,60,No,1,150,96,Terwillegar Park,170,53.44771516,-113.5728601
Riverbend Stake Centre,Riverbend Stake,Terwillegar Park Ward,1,1,24,90,No,1,170,90,Terwillegar Park,218,53.4453081,-113.5840886
Riverbend Stake Centre,Riverbend Stake,Terwillegar Park Ward,2,4,29,40,Yes,3,174,40,Terwillegar Park,224,53.45189144,-113.5767651
Riverbend Stake Centre,Riverbend Stake,Terwillegar Park Ward,3,0,60,90,No,1,250,90,Terwillegar Park,354,53.44530738,-113.5832579
Riverbend Stake Centre,Riverbend Stake,Terwillegar Park Ward,2,4,39,80,Yes,3,262,80,Terwillegar Park,368,53.45367147,-113.5681793
Riverbend Stake Centre,Riverbend Stake,Terwillegar Park Ward,3,3,40,60,Yes,2,280,60,Terwillegar Park,387,53.45272043,-113.5771589
Riverbend Stake Centre,Riverbend Stake,Terwillegar Park Ward,2,0,44,70,Yes,1,285,75,Terwillegar Park,394,53.44634105,-113.5862506
Riverbend Stake Centre,Riverbend Stake,Terwillegar Park Ward,2,1,80,60,Yes,2,300,80,Terwillegar Park,407,53.45310069,-113.5761974
Riverbend Stake Centre,Riverbend Stake,Terwillegar Park Ward,2,0,70,90,Yes,1,312,108,Terwillegar Park,419,53.45352916,-113.5775461
Riverbend Stake Centre,Riverbend Stake,Terwillegar Park Ward,1,1,125,150,Yes,3,650,170,Terwillegar Park,473,53.45075531,-113.5686765
Gateway Stake Centre,Gateway Stake,Wainwright Branch,2,0,23,30,No,1,137,30,Wainwright,136,53.45200027,-113.5683007
Bearspaw Chapel,Gateway Stake,Wild Rose Ward,1,7,6,60,Yes,2,315,60,Wild Rose,422,53.47199344,-113.3815115
Bearspaw Chapel,YSA Stake,Windsor Park YSA Ward,1,2,50,60,Yes,2,110,58,Windsor Park YSA,97,,
Riverbend Stake Centre,Riverbend Stake,Woodbend Ward,1,1,15,15,No,1,8,15,Woodbend,4,53.54690533,-113.5438363
Riverbend Stake Centre,Riverbend Stake,Woodbend Ward,1,3,10,30,No,1,10,30,Woodbend,5,53.54851347,-113.5336304
Riverbend Stake Centre,Riverbend Stake,Woodbend Ward,2,0,15,40,No,1,80,88,Woodbend,63,53.54851347,-113.5336304
Riverbend Stake Centre,Riverbend Stake,Woodbend Ward,3,16,25,45,No,1,100,45,Woodbend,83,53.54851347,-113.5336304
Riverbend Stake Centre,Riverbend Stake,Woodbend Ward,2,0,20,60,No,1,137,60,Woodbend,137,53.54851347,-113.5336304
Riverbend Stake Centre,Riverbend Stake,Woodbend Ward,2,3,25,45,No,1,150,75,Woodbend,167,53.54684772,-113.54248
Riverbend Stake Centre,Riverbend Stake,Woodbend Ward,2,0,20,70,No,1,160,75,Woodbend,192,53.54851347,-113.5336304
Riverbend Stake Centre,Riverbend Stake,Woodbend Ward,2,1,35,30,No,1,179,65,Woodbend,233,53.54851347,-113.5336304
Riverbend Stake Centre,Riverbend Stake,Woodbend Ward,2,2,65,80,Yes,2,200,80,Woodbend,265,53.54851347,-113.5336304
Riverbend Stake Centre,Riverbend Stake,Woodbend Ward,1,2,40,30,No,1,220,30,Woodbend,323,53.54851347,-113.5336304
Riverbend Stake Centre,Riverbend Stake,Woodbend Ward,2,2,54,90,No,1,350,100,Woodbend,434,53.54851347,-113.5336304
Riverbend Stake Centre,Riverbend Stake,Woodbend Ward,1,5,70,60,No,1,350,60,Woodbend,435,53.54851347,-113.5336304
Riverbend Stake Centre,Riverbend Stake,Woodbend Ward,2,3,88,40,No,1,380,15,Woodbend,441,53.54851347,-113.5336304
